{
  "weights": {
    "weights": {
      "audience": {
        "athletes": 0.08245884773662551,
        "businesses": 0.08245884773662551,
        "creators": 0.09295267489711934,
        "developers": 0.08245884773662551,
        "entrepreneurs": 0.08245884773662551,
        "gamers": 0.08245884773662551,
        "investors": 0.08245884773662551,
        "kids": 0.08245884773662551,
        "parents": 0.08245884773662551,
        "professionals": 0.08245884773662551,
        "seniors": 0.08245884773662551,
        "students": 0.08245884773662551
      },
      "category": {
        "ai_productivity": 0.08514957264957262,
        "dating": 0.08514957264957262,
        "ecommerce": 0.08514957264957262,
        "education": 0.08514957264957262,
        "entertainment": 0.08514957264957262,
        "finance": 0.06335470085470084,
        "food_delivery": 0.08514957264957262,
        "gaming": 0.08514957264957262,
        "health_fitness": 0.08514957264957262,
        "lifestyle": 0.08514957264957262,
        "social": 0.08514957264957262,
        "travel": 0.08514957264957262
      },
      "content_format": {
        "ar_vr": 0.1111111111111111,
        "audio": 0.1111111111111111,
        "games": 0.1111111111111111,
        "images": 0.1111111111111111,
        "interactive_simulation": 0.1111111111111111,
        "livestream": 0.1111111111111111,
        "long_video": 0.1111111111111111,
        "short_video": 0.1111111111111111,
        "text": 0.1111111111111111
      },
      "data_source": {
        "ai_generated": 0.125,
        "camera_input": 0.125,
        "external_apis": 0.125,
        "financial_data": 0.125,
        "gps_location": 0.125,
        "sensors_wearables": 0.125,
        "user_generated": 0.125,
        "voice_input": 0.125
      },
      "distribution": {
        "browser_extension": 0.1111111111111111,
        "car_infotainment": 0.1111111111111111,
        "desktop_software": 0.1111111111111111,
        "messaging_bot": 0.1111111111111111,
        "mobile_app": 0.1111111111111111,
        "smart_tv": 0.1111111111111111,
        "smartwatch": 0.1111111111111111,
        "voice_assistant": 0.1111111111111111,
        "web_platform": 0.1111111111111111
      },
      "engagement_mechanics": {
        "badges": 0.125,
        "leaderboards": 0.125,
        "levels": 0.125,
        "quests": 0.125,
        "reputation": 0.125,
        "rewards": 0.125,
        "social_challenges": 0.125,
        "streaks": 0.125
      },
      "geography": {
        "africa": 0.1066137566137566,
        "china": 0.1066137566137566,
        "europe": 0.1066137566137566,
        "global": 0.1066137566137566,
        "india": 0.1066137566137566,
        "latin_america": 0.1066137566137566,
        "middle_east": 0.1066137566137566,
        "southeast_asia": 0.1066137566137566,
        "us": 0.14708994708994705
      },
      "interaction_model": {
        "ai_assistant": 0.1111111111111111,
        "chat": 0.1111111111111111,
        "collaboration": 0.1111111111111111,
        "community_forum": 0.1111111111111111,
        "creator_platform": 0.1111111111111111,
        "feed": 0.1111111111111111,
        "livestream": 0.1111111111111111,
        "marketplace": 0.1111111111111111,
        "multiplayer": 0.1111111111111111
      },
      "monetization": {
        "ads": 0.11758720930232558,
        "creator_revenue_share": 0.11758720930232558,
        "digital_goods": 0.11758720930232558,
        "in_app_purchases": 0.11758720930232558,
        "marketplace_commission": 0.11758720930232558,
        "saas_license": 0.11758720930232558,
        "subscription": 0.17688953488372094,
        "transaction_fees": 0.11758720930232558
      },
      "network_structure": {
        "creator_fan": 0.16666666666666666,
        "many_to_many": 0.16666666666666666,
        "one_to_many": 0.16666666666666666,
        "one_to_one": 0.16666666666666666,
        "peer_to_peer": 0.16666666666666666,
        "two_sided_marketplace": 0.16666666666666666
      },
      "technology": {
        "ai_llms": 0.171484375,
        "ar_vr": 0.118359375,
        "blockchain": 0.118359375,
        "computer_vision": 0.118359375,
        "iot": 0.118359375,
        "robotics": 0.118359375,
        "voice_interface": 0.118359375,
        "wearables": 0.118359375
      },
      "value_proposition": {
        "build_community": 0.10661375661375658,
        "entertainment": 0.10661375661375658,
        "express_creativity": 0.10661375661375658,
        "find_relationships": 0.10661375661375658,
        "improve_health": 0.10661375661375658,
        "increase_productivity": 0.10661375661375658,
        "learn_skills": 0.10661375661375658,
        "make_money": 0.14708994708994705,
        "save_time": 0.10661375661375658
      }
    },
    "epoch": 1
  },
  "learned_dimensions": {},
  "dimension_order": [
    "category",
    "audience",
    "value_proposition",
    "interaction_model",
    "content_format",
    "technology",
    "monetization",
    "engagement_mechanics",
    "network_structure",
    "distribution",
    "geography",
    "data_source"
  ],
  "epochs": [
    {
      "epoch": 1,
      "ideas_tested": 10,
      "avg_conversion": 0.24000000000000005,
      "weight_deltas": null,
      "new_dimensions": null,
      "new_options": null,
      "timestamp": "2026-03-12T02:15:28+05:00"
    }
  ]
}